player,position,team,age,minutes_90s,fouls,fouled,interceptions,tackles_won,stage,team_90s,minutes,tackles_won_per90,interceptions_per90,fouls_per90,fouled_per90
Abbosbek Fayzullayev,MF,Uzbekistan,22,2.4,6,4,1,6,Group-stage exit,3.0,216,2.5,0.4166666666666667,2.5,1.6666666666666667
Abdullah Al-Khaibari,MF,Saudi Arabia,29,2.0,0,2,1,1,Group-stage exit,3.0,180,0.5,0.5,0.0,1.0
Akmal Mozgovoy,MF,Uzbekistan,27,2.4,0,3,2,0,Group-stage exit,3.0,216,0.0,0.8333333333333334,0.0,1.25
Akram Afif,"FW,MF",Qatar,29,2.6,0,4,0,1,Group-stage exit,3.0,234,0.3846153846153846,0.0,0.0,1.5384615384615383
Ali Olwan,MF,Jordan,26,3.0,1,4,1,0,Group-stage exit,3.0,270,0.0,0.3333333333333333,0.3333333333333333,1.3333333333333333
Amir Al Ammari,MF,Iraq,28,2.7,3,0,2,1,Group-stage exit,3.0,243,0.37037037037037035,0.7407407407407407,1.111111111111111,0.0
Anis Ben Slimane,"MF,FW",Tunisia,25,2.7,0,0,2,2,Group-stage exit,3.0,243,0.7407407407407407,0.7407407407407407,0.0,0.0
Arda Güler,MF,Türkiye,21,3.0,3,10,2,3,Group-stage exit,3.0,270,1.0,0.6666666666666666,1.0,3.3333333333333335
Barış Alper Yılmaz,"MF,FW",Türkiye,26,2.0,4,1,0,0,Group-stage exit,3.0,180,0.0,0.0,2.0,0.5
Ben Gannon-Doak,MF,Scotland,20,2.1,3,1,0,1,Group-stage exit,3.0,189,0.47619047619047616,0.0,1.4285714285714286,0.47619047619047616
Carlos Harvey,MF,Panama,26,3.0,8,3,0,3,Group-stage exit,3.0,270,1.0,0.0,2.6666666666666665,1.0
Cristian Martínez,"MF,FW",Panama,29,2.7,5,5,1,4,Group-stage exit,3.0,243,1.4814814814814814,0.37037037037037035,1.8518518518518516,1.8518518518518516
César Blackman,"MF,DF",Panama,28,2.0,2,2,1,0,Group-stage exit,3.0,180,0.0,0.5,1.0,1.0
Danley Jean-Jacques,MF,Haiti,26,2.9,5,3,3,6,Group-stage exit,3.0,261,2.0689655172413794,1.0344827586206897,1.7241379310344829,1.0344827586206897
Edmilson Junior,"MF,FW",Qatar,31,2.3,4,2,0,1,Group-stage exit,3.0,207,0.4347826086956522,0.0,1.7391304347826089,0.8695652173913044
Elijah Just,MF,New Zealand,26,2.9,3,2,2,3,Group-stage exit,3.0,261,1.0344827586206897,0.6896551724137931,1.0344827586206897,0.6896551724137931
Ellyes Skhiri,"MF,DF",Tunisia,31,2.8,0,1,2,1,Group-stage exit,3.0,252,0.35714285714285715,0.7142857142857143,0.0,0.35714285714285715
Federico Valverde,MF,Uruguay,27,2.6,1,0,3,2,Group-stage exit,3.0,234,0.7692307692307692,1.1538461538461537,0.3846153846153846,0.0
Hakan Çalhanoğlu,MF,Türkiye,32,2.0,2,1,1,3,Group-stage exit,3.0,180,1.5,0.5,1.0,0.5
Hannibal Mejbri,MF,Tunisia,23,3.0,4,15,1,4,Group-stage exit,3.0,270,1.3333333333333333,0.3333333333333333,1.3333333333333333,5.0
Hwang In-beom,MF,Korea Republic,29,2.9,1,1,4,2,Group-stage exit,3.0,261,0.6896551724137931,1.3793103448275863,0.3448275862068966,0.3448275862068966
Ibrahim Bayesh,"MF,FW",Iraq,26,2.6,3,5,1,4,Group-stage exit,3.0,234,1.5384615384615383,0.3846153846153846,1.1538461538461537,1.923076923076923
Issa Laye,"MF,DF",Qatar,28,3.0,0,3,1,1,Group-stage exit,3.0,270,0.3333333333333333,0.3333333333333333,0.0,1.0
Jean-Ricner Bellegarde,MF,Haiti,27,2.9,4,5,3,2,Group-stage exit,3.0,261,0.6896551724137931,1.0344827586206897,1.3793103448275863,1.7241379310344829
Joe Bell,MF,New Zealand,27,2.7,3,0,4,2,Group-stage exit,3.0,243,0.7407407407407407,1.4814814814814814,1.111111111111111,0.0
John McGinn,MF,Scotland,31,2.9,2,11,0,0,Group-stage exit,3.0,261,0.0,0.0,0.6896551724137931,3.793103448275862
Josué Casimir,MF,Haiti,24,2.0,4,4,0,0,Group-stage exit,3.0,180,0.0,0.0,2.0,2.0
José Luis Rodríguez,"MF,FW",Panama,27,2.6,4,2,0,3,Group-stage exit,3.0,234,1.1538461538461537,0.0,1.5384615384615383,0.7692307692307692
Juninho Bacuna,MF,Curaçao,28,2.8,6,3,5,4,Group-stage exit,3.0,252,1.4285714285714286,1.7857142857142858,2.142857142857143,1.0714285714285714
Kenan Yıldız,MF,Türkiye,21,2.4,2,4,1,2,Group-stage exit,3.0,216,0.8333333333333334,0.4166666666666667,0.8333333333333334,1.6666666666666667
Leandro Bacuna,MF,Curaçao,34,3.0,3,3,0,3,Group-stage exit,3.0,270,1.0,0.0,1.0,1.0
Lewis Ferguson,MF,Scotland,26,3.0,5,10,4,7,Group-stage exit,3.0,270,2.3333333333333335,1.3333333333333333,1.6666666666666667,3.3333333333333335
Livano Comenencia,MF,Curaçao,22,2.6,4,1,11,1,Group-stage exit,3.0,234,0.3846153846153846,4.230769230769231,1.5384615384615383,0.3846153846153846
Manuel Ugarte,MF,Uruguay,25,2.0,1,0,3,1,Group-stage exit,3.0,180,0.5,1.5,0.5,0.0
Marko Stamenic,MF,New Zealand,24,3.0,4,0,4,1,Group-stage exit,3.0,270,0.3333333333333333,1.3333333333333333,1.3333333333333333,0.0
Martin Expérience,"DF,MF",Haiti,27,3.0,7,6,4,6,Group-stage exit,3.0,270,2.0,1.3333333333333333,2.3333333333333335,2.0
Maxi Araújo,"FW,MF",Uruguay,26,2.8,2,7,0,0,Group-stage exit,3.0,252,0.0,0.0,0.7142857142857143,2.5
Michael Amir Murillo,"DF,MF",Panama,30,3.0,1,7,1,3,Group-stage exit,3.0,270,1.0,0.3333333333333333,0.3333333333333333,2.3333333333333335
Michal Sadílek,MF,Czechia,27,2.0,0,3,2,2,Group-stage exit,3.0,180,1.0,1.0,0.0,1.5
Mohamed Kanno,MF,Saudi Arabia,31,2.5,5,0,2,4,Group-stage exit,3.0,225,1.6,0.8,2.0,0.0
Mohammad Mohebi,MF,IR Iran,27,2.7,1,1,1,1,Group-stage exit,3.0,243,0.37037037037037035,0.37037037037037035,0.37037037037037035,0.37037037037037035
Nasser Al-Dawsari,MF,Saudi Arabia,27,2.3,7,2,4,4,Group-stage exit,3.0,207,1.7391304347826089,1.7391304347826089,3.0434782608695654,0.8695652173913044
Nizar Al Rashdan,MF,Jordan,27,2.8,5,4,2,5,Group-stage exit,3.0,252,1.7857142857142858,0.7142857142857143,1.7857142857142858,1.4285714285714286
Noor Al Rawabdeh,MF,Jordan,29,3.0,1,0,2,7,Group-stage exit,3.0,270,2.3333333333333335,0.6666666666666666,0.3333333333333333,0.0
Otabek Shukurov,MF,Uzbekistan,29,2.6,2,5,0,2,Group-stage exit,3.0,234,0.7692307692307692,0.0,0.7692307692307692,1.923076923076923
Paik Seung-ho,MF,Korea Republic,29,2.3,1,2,1,0,Group-stage exit,3.0,207,0.0,0.4347826086956522,0.4347826086956522,0.8695652173913044
Ramin Rezaeian,"DF,MF",IR Iran,36,3.0,2,3,2,5,Group-stage exit,3.0,270,1.6666666666666667,0.6666666666666666,0.6666666666666666,1.0
Rodrigo Bentancur,MF,Uruguay,28,3.0,7,5,7,5,Group-stage exit,3.0,270,1.6666666666666667,2.3333333333333335,2.3333333333333335,1.6666666666666667
Ruben Providence,MF,Haiti,24,2.4,3,5,0,2,Group-stage exit,3.0,216,0.8333333333333334,0.0,1.25,2.0833333333333335
Saeid Ezatolahi,MF,IR Iran,29,2.9,7,4,7,5,Group-stage exit,3.0,261,1.7241379310344829,2.413793103448276,2.413793103448276,1.3793103448275863
Salem Al-Dawsari,MF,Saudi Arabia,34,2.7,3,4,1,1,Group-stage exit,3.0,243,0.37037037037037035,0.37037037037037035,1.111111111111111,1.4814814814814814
Saman Ghoddos,MF,IR Iran,32,2.3,3,0,5,4,Group-stage exit,3.0,207,1.7391304347826089,2.173913043478261,1.3043478260869565,0.0
Sarpreet Singh,MF,New Zealand,27,2.3,2,2,0,1,Group-stage exit,3.0,207,0.4347826086956522,0.0,0.8695652173913044,0.8695652173913044
Scott McTominay,MF,Scotland,29,3.0,3,0,0,2,Group-stage exit,3.0,270,0.6666666666666666,0.0,1.0,0.0
Seol Young-woo,MF,Korea Republic,27,2.8,1,2,1,0,Group-stage exit,3.0,252,0.0,0.35714285714285715,0.35714285714285715,0.7142857142857143
Sherzod Nasrullaev,"DF,MF",Uzbekistan,27,2.0,3,2,2,2,Group-stage exit,3.0,180,1.0,1.0,1.5,1.0
Tahith Chong,MF,Curaçao,26,2.7,3,13,1,0,Group-stage exit,3.0,243,0.0,0.37037037037037035,1.111111111111111,4.814814814814815
Vladimír Coufal,"MF,DF",Czechia,33,3.0,4,3,2,1,Group-stage exit,3.0,270,0.3333333333333333,0.6666666666666666,1.3333333333333333,1.0
Yoel Bárcenas,MF,Panama,32,2.8,3,3,2,0,Group-stage exit,3.0,252,0.0,0.7142857142857143,1.0714285714285714,1.0714285714285714
Zidane Iqbal,MF,Iraq,23,2.1,1,2,1,2,Group-stage exit,3.0,189,0.9523809523809523,0.47619047619047616,0.47619047619047616,0.9523809523809523
Adrien Rabiot,MF,France,31,6.5,13,4,11,7,Knockout stage,8.0,585,1.0769230769230769,1.6923076923076923,2.0,0.6153846153846154
Aiden O'Neill,MF,Australia,27,4.0,2,8,2,2,Knockout stage,4.3,360,0.5,0.5,0.5,2.0
Aleksandar Pavlovic,MF,Germany,22,3.0,13,4,2,3,Knockout stage,4.3,270,1.0,0.6666666666666666,4.333333333333333,1.3333333333333333
Alexander Bernhardsson,MF,Sweden,27,2.4,2,4,2,2,Knockout stage,4.0,216,0.8333333333333334,0.8333333333333334,0.8333333333333334,1.6666666666666667
Alexis Mac Allister,MF,Argentina,27,8.3,9,12,9,12,Knockout stage,9.0,747,1.4457831325301203,1.0843373493975903,1.0843373493975903,1.4457831325301203
Ali Ahmed,MF,Canada,25,2.6,1,5,3,2,Knockout stage,5.0,234,0.7692307692307692,1.1538461538461537,0.3846153846153846,1.923076923076923
Amad Diallo,"MF,FW",Côte d'Ivoire,23,2.1,0,2,2,4,Knockout stage,4.0,189,1.9047619047619047,0.9523809523809523,0.0,0.9523809523809523
Amar Memić,MF,Bosnia–Herz,25,2.5,4,3,2,2,Knockout stage,4.0,225,0.8,0.8,1.6,1.2
Andrés Cubas,MF,Paraguay,30,5.3,14,3,11,13,Knockout stage,5.3,477,2.452830188679245,2.0754716981132075,2.6415094339622645,0.5660377358490566
Anthony Elanga,"MF,FW",Sweden,24,2.4,0,7,2,0,Knockout stage,4.0,216,0.0,0.8333333333333334,0.0,2.916666666666667
Anthony Gordon,MF,England,25,4.4,4,10,3,3,Knockout stage,8.3,396,0.6818181818181818,0.6818181818181818,0.9090909090909091,2.2727272727272725
Antoine Semenyo,"MF,FW",Ghana,26,4.0,6,4,0,2,Knockout stage,4.0,360,0.5,0.0,1.5,1.0
Antonee Robinson,"DF,MF",USA,28,3.9,4,1,6,4,Knockout stage,5.0,351,1.0256410256410258,1.5384615384615385,1.0256410256410258,0.25641025641025644
Ao Tanaka,MF,Japan,27,2.1,6,2,1,6,Knockout stage,4.0,189,2.857142857142857,0.47619047619047616,2.857142857142857,0.9523809523809523
Aurélien Tchouaméni,MF,France,26,4.0,4,3,6,14,Knockout stage,8.0,360,3.5,1.5,1.0,0.75
Ayyoub Bouaddi,MF,Morocco,18,4.2,3,6,1,3,Knockout stage,6.3,378,0.7142857142857143,0.23809523809523808,0.7142857142857143,1.4285714285714286
Aziz Behich,MF,Australia,35,2.4,1,4,1,4,Knockout stage,4.3,216,1.6666666666666667,0.4166666666666667,0.4166666666666667,1.6666666666666667
Azzedine Ounahi,MF,Morocco,26,4.8,3,7,1,1,Knockout stage,6.3,432,0.20833333333333334,0.20833333333333334,0.625,1.4583333333333335
Benjamin Tahirovic,MF,Bosnia–Herz,23,2.6,3,2,4,4,Knockout stage,4.0,234,1.5384615384615383,1.5384615384615383,1.1538461538461537,0.7692307692307692
Bilal El Khannouss,"MF,FW",Morocco,22,5.1,5,6,1,7,Knockout stage,6.3,459,1.3725490196078431,0.19607843137254904,0.9803921568627452,1.1764705882352942
Bradley Barcola,MF,France,23,4.3,5,1,1,4,Knockout stage,8.0,387,0.9302325581395349,0.23255813953488372,1.1627906976744187,0.23255813953488372
Brahim Díaz,MF,Morocco,26,5.1,3,10,4,2,Knockout stage,6.3,459,0.3921568627450981,0.7843137254901962,0.5882352941176471,1.9607843137254903
Brian Gutiérrez,MF,Mexico,22,2.2,5,3,2,1,Knockout stage,5.0,198,0.45454545454545453,0.9090909090909091,2.2727272727272725,1.3636363636363635
Bruno Fernandes,MF,Portugal,31,4.7,2,8,0,5,Knockout stage,5.0,423,1.0638297872340425,0.0,0.425531914893617,1.702127659574468
Bruno Guimarães,MF,Brazil,28,4.6,4,7,2,6,Knockout stage,5.0,414,1.3043478260869565,0.4347826086956522,0.8695652173913044,1.5217391304347827
Bukayo Saka,MF,England,24,4.0,4,9,1,7,Knockout stage,8.3,360,1.75,0.25,1.0,2.25
Caleb Yirenkyi,MF,Ghana,20,2.9,7,3,3,1,Knockout stage,4.0,261,0.3448275862068966,1.0344827586206897,2.413793103448276,1.0344827586206897
Casemiro,MF,Brazil,34,4.2,6,6,6,5,Knockout stage,5.0,378,1.1904761904761905,1.4285714285714286,1.4285714285714286,1.4285714285714286
Charles De Ketelaere,"FW,MF",Belgium,25,3.9,2,3,5,4,Knockout stage,6.3,351,1.0256410256410258,1.2820512820512822,0.5128205128205129,0.7692307692307693
Chemsdine Talbi,MF,Morocco,21,2.0,0,1,2,2,Knockout stage,6.3,180,1.0,1.0,0.0,0.5
Christ Inao Oulaï,MF,Côte d'Ivoire,20,2.3,3,5,6,4,Knockout stage,4.0,207,1.7391304347826089,2.608695652173913,1.3043478260869565,2.173913043478261
Christian Pulisic,MF,USA,27,2.5,1,8,0,1,Knockout stage,5.0,225,0.4,0.0,0.4,3.2
Connor Metcalfe,MF,Australia,26,3.5,1,0,2,5,Knockout stage,4.3,315,1.4285714285714286,0.5714285714285714,0.2857142857142857,0.0
Daichi Kamada,MF,Japan,29,3.7,2,4,1,3,Knockout stage,4.0,333,0.8108108108108107,0.27027027027027023,0.5405405405405405,1.081081081081081
Daizen Maeda,MF,Japan,28,2.7,2,1,2,3,Knockout stage,4.0,243,1.111111111111111,0.7407407407407407,0.7407407407407407,0.37037037037037035
Damián Bobadilla,MF,Paraguay,24,2.1,1,1,5,3,Knockout stage,5.3,189,1.4285714285714286,2.380952380952381,0.47619047619047616,0.47619047619047616
Dan Ndoye,"MF,FW",Switzerland,25,4.5,5,16,4,5,Knockout stage,6.7,405,1.1111111111111112,0.8888888888888888,1.1111111111111112,3.5555555555555554
Dani Olmo,MF,Spain,28,5.5,6,10,1,5,Knockout stage,8.3,495,0.9090909090909091,0.18181818181818182,1.0909090909090908,1.8181818181818181
Declan Rice,MF,England,27,6.2,4,0,5,3,Knockout stage,8.3,558,0.48387096774193544,0.8064516129032258,0.6451612903225806,0.0
Denzel Dumfries,"DF,MF",Netherlands,30,4.3,6,3,1,6,Knockout stage,4.3,387,1.3953488372093024,0.23255813953488372,1.3953488372093024,0.6976744186046512
Deroy Duarte,MF,Cabo Verde,26,2.9,4,1,6,5,Knockout stage,4.3,261,1.7241379310344829,2.0689655172413794,1.3793103448275863,0.3448275862068966
Diego Gómez,MF,Paraguay,23,3.4,5,1,9,6,Knockout stage,5.3,306,1.7647058823529411,2.6470588235294117,1.4705882352941178,0.29411764705882354
Djibril Sow,MF,Switzerland,29,2.8,5,4,2,1,Knockout stage,6.7,252,0.35714285714285715,0.7142857142857143,1.7857142857142858,1.4285714285714286
Désiré Doué,MF,France,21,4.4,4,8,2,6,Knockout stage,8.0,396,1.3636363636363635,0.45454545454545453,0.9090909090909091,1.8181818181818181
Eberechi Eze,MF,England,27,2.3,2,4,0,0,Knockout stage,8.3,207,0.0,0.0,0.8695652173913044,1.7391304347826089
Edson Álvarez,"MF,DF",Mexico,28,2.7,5,2,3,6,Knockout stage,5.0,243,2.222222222222222,1.111111111111111,1.8518518518518516,0.7407407407407407
Elliot Anderson,MF,England,23,7.0,9,13,8,18,Knockout stage,8.3,630,2.5714285714285716,1.1428571428571428,1.2857142857142858,1.8571428571428572
Emam Ashour,MF,Egypt,28,4.0,2,13,4,2,Knockout stage,5.3,360,0.5,1.0,0.5,3.25
Enzo Fernández,MF,Argentina,25,7.3,12,6,6,7,Knockout stage,9.0,657,0.9589041095890412,0.8219178082191781,1.6438356164383563,0.8219178082191781
Erik Lira,MF,Mexico,26,3.8,3,4,2,3,Knockout stage,5.0,342,0.7894736842105263,0.5263157894736842,0.7894736842105263,1.0526315789473684
Esmir Bajraktarevic,MF,Bosnia–Herz,21,2.6,1,2,3,0,Knockout stage,4.0,234,0.0,1.1538461538461537,0.3846153846153846,0.7692307692307692
Fabian Rieder,"MF,FW",Switzerland,24,3.4,3,6,1,3,Knockout stage,6.7,306,0.8823529411764706,0.29411764705882354,0.8823529411764706,1.7647058823529411
Fabián Ruiz Peña,MF,Spain,30,3.6,1,3,4,3,Knockout stage,8.3,324,0.8333333333333333,1.1111111111111112,0.2777777777777778,0.8333333333333333
Fares Chaïbi,MF,Algeria,23,4.0,3,2,3,5,Knockout stage,4.0,360,1.25,0.75,0.75,0.5
Felix Nmecha,MF,Germany,25,3.0,3,3,2,9,Knockout stage,4.3,270,3.0,0.6666666666666666,1.0,1.0
Florian Wirtz,MF,Germany,23,4.0,1,3,2,6,Knockout stage,4.3,360,1.5,0.5,0.25,0.75
Franck Kessié,MF,Côte d'Ivoire,29,3.8,7,2,0,4,Knockout stage,4.0,342,1.0526315789473684,0.0,1.842105263157895,0.5263157894736842
Fredrik Aursnes,"MF,DF",Norway,30,3.4,5,3,1,8,Knockout stage,6.3,306,2.3529411764705883,0.29411764705882354,1.4705882352941178,0.8823529411764706
Frenkie de Jong,MF,Netherlands,29,3.6,6,6,8,7,Knockout stage,4.3,324,1.9444444444444444,2.2222222222222223,1.6666666666666665,1.6666666666666665
Gabriel Gudmundsson,"MF,DF",Sweden,27,3.7,5,7,5,3,Knockout stage,4.0,333,0.8108108108108107,1.3513513513513513,1.3513513513513513,1.8918918918918919
Gilberto Mora,MF,Mexico,17,2.4,3,3,2,2,Knockout stage,5.0,216,0.8333333333333334,0.8333333333333334,1.25,1.25
Granit Xhaka,MF,Switzerland,33,6.7,4,12,4,4,Knockout stage,6.7,603,0.5970149253731343,0.5970149253731343,0.5970149253731343,1.791044776119403
Gustavo Puerta,MF,Colombia,22,5.2,9,8,3,3,Knockout stage,5.3,468,0.5769230769230769,0.5769230769230769,1.7307692307692306,1.5384615384615383
Hamdy Fathy,"DF,MF",Egypt,31,2.6,3,2,2,3,Knockout stage,5.3,234,1.1538461538461537,0.7692307692307692,1.1538461538461537,0.7692307692307692
Hans Vanaken,MF,Belgium,33,3.5,0,6,1,1,Knockout stage,6.3,315,0.2857142857142857,0.2857142857142857,0.0,1.7142857142857142
Ibrahim Maza,"MF,FW",Algeria,20,3.9,1,5,0,2,Knockout stage,4.0,351,0.5128205128205129,0.0,0.25641025641025644,1.2820512820512822
Ibrahim Sangaré,MF,Côte d'Ivoire,28,3.0,2,4,6,5,Knockout stage,4.0,270,1.6666666666666667,2.0,0.6666666666666666,1.3333333333333333
Idrissa Gueye,MF,Senegal,36,4.0,2,2,2,4,Knockout stage,4.3,360,1.0,0.5,0.5,0.5
Ismaila Sarr,"MF,FW",Senegal,28,4.0,1,9,2,1,Knockout stage,4.3,360,0.25,0.5,0.25,2.25
Ivan Bašić,MF,Bosnia–Herz,24,2.0,2,3,3,1,Knockout stage,4.0,180,0.5,1.5,1.0,1.5
Ivan Perišić,"MF,DF",Croatia,37,4.0,4,1,4,4,Knockout stage,4.0,360,1.0,1.0,1.0,0.25
Ivan Šunjić,MF,Bosnia–Herz,29,2.2,7,0,0,3,Knockout stage,4.0,198,1.3636363636363635,0.0,3.1818181818181817,0.0
Jackson Irvine,MF,Australia,33,2.5,3,3,1,1,Knockout stage,4.3,225,0.4,0.4,1.2,1.2
Jamal Musiala,MF,Germany,23,3.0,5,11,1,5,Knockout stage,4.3,270,1.6666666666666667,0.3333333333333333,1.6666666666666667,3.6666666666666665
James Rodríguez,"FW,MF",Colombia,34,3.5,0,5,1,1,Knockout stage,5.3,315,0.2857142857142857,0.2857142857142857,0.0,1.4285714285714286
Jamiro Monteiro,MF,Cabo Verde,32,3.1,4,2,4,4,Knockout stage,4.3,279,1.2903225806451613,1.2903225806451613,1.2903225806451613,0.6451612903225806
Jefferson Lerma,MF,Colombia,31,4.6,6,5,5,1,Knockout stage,5.3,414,0.2173913043478261,1.0869565217391306,1.3043478260869565,1.0869565217391306
Jeremy Doku,MF,Belgium,24,3.4,4,18,3,1,Knockout stage,6.3,306,0.29411764705882354,0.8823529411764706,1.1764705882352942,5.294117647058823
Jhon Arias,MF,Colombia,28,4.2,5,2,2,9,Knockout stage,5.3,378,2.142857142857143,0.47619047619047616,1.1904761904761905,0.47619047619047616
Johan Manzambi,"MF,FW",Switzerland,20,2.2,3,3,0,0,Knockout stage,6.7,198,0.0,0.0,1.3636363636363635,1.3636363636363635
John Yeboah,MF,Ecuador,25,3.5,0,4,3,3,Knockout stage,4.0,315,0.8571428571428571,0.8571428571428571,0.0,1.1428571428571428
Jordy Bos,"MF,DF",Australia,23,3.4,4,4,3,3,Knockout stage,4.3,306,0.8823529411764706,0.8823529411764706,1.1764705882352942,1.1764705882352942
Josip Stanišić,"DF,MF",Croatia,26,4.0,0,4,5,2,Knockout stage,4.0,360,0.5,1.25,0.0,1.0
João Félix,MF,Portugal,26,2.2,3,6,3,4,Knockout stage,5.0,198,1.8181818181818181,1.3636363636363635,1.3636363636363635,2.727272727272727
João Neves,MF,Portugal,21,4.3,1,4,4,7,Knockout stage,5.0,387,1.627906976744186,0.9302325581395349,0.23255813953488372,0.9302325581395349
Jude Bellingham,MF,England,22,6.8,9,17,3,10,Knockout stage,8.3,612,1.4705882352941178,0.4411764705882353,1.3235294117647058,2.5
Julián Quiñones,"FW,MF",Mexico,29,4.6,5,7,0,0,Knockout stage,5.0,414,0.0,0.0,1.0869565217391306,1.5217391304347827
Junya Itō,MF,Japan,33,2.4,2,5,1,2,Knockout stage,4.0,216,0.8333333333333334,0.4166666666666667,0.8333333333333334,2.0833333333333335
Kaishū Sano,MF,Japan,25,3.0,4,1,4,2,Knockout stage,4.0,270,0.6666666666666666,1.3333333333333333,1.3333333333333333,0.3333333333333333
Keito Nakamura,MF,Japan,25,3.4,3,1,1,3,Knockout stage,4.0,306,0.8823529411764706,0.29411764705882354,0.8823529411764706,0.29411764705882354
Kerim Alajbegović,MF,Bosnia–Herz,18,3.1,4,6,2,0,Knockout stage,4.0,279,0.0,0.6451612903225806,1.2903225806451613,1.9354838709677418
Kevin De Bruyne,MF,Belgium,34,4.2,2,4,0,2,Knockout stage,6.3,378,0.47619047619047616,0.0,0.47619047619047616,0.9523809523809523
Kevin Pina,MF,Cabo Verde,29,3.9,5,3,3,7,Knockout stage,4.3,351,1.794871794871795,0.7692307692307693,1.2820512820512822,0.7692307692307693
Konrad Laimer,"MF,DF",Austria,29,4.0,6,3,2,6,Knockout stage,4.0,360,1.5,0.5,1.5,0.75
Kwasi Sibo,MF,Ghana,27,2.8,7,1,2,0,Knockout stage,4.0,252,0.0,0.7142857142857143,2.5,0.35714285714285715
Lamine Camara,MF,Senegal,22,2.8,5,3,2,1,Knockout stage,4.3,252,0.35714285714285715,0.7142857142857143,1.7857142857142858,1.0714285714285714
Lamine Yamal,"MF,FW",Spain,18,6.8,14,9,2,9,Knockout stage,8.3,612,1.3235294117647058,0.29411764705882354,2.058823529411765,1.3235294117647058
Leandro Paredes,MF,Argentina,31,5.3,9,3,5,6,Knockout stage,9.0,477,1.1320754716981132,0.9433962264150944,1.6981132075471699,0.5660377358490566
Leandro Trossard,"MF,FW",Belgium,31,5.6,4,8,4,1,Knockout stage,6.3,504,0.17857142857142858,0.7142857142857143,0.7142857142857143,1.4285714285714286
Leroy Sané,MF,Germany,30,3.6,3,2,2,3,Knockout stage,4.3,324,0.8333333333333333,0.5555555555555556,0.8333333333333333,0.5555555555555556
Lucas Bergvall,MF,Sweden,20,2.0,7,4,2,2,Knockout stage,4.0,180,1.0,1.0,3.5,2.0
Lucas Paquetá,MF,Brazil,28,2.6,3,6,5,4,Knockout stage,5.0,234,1.5384615384615383,1.923076923076923,1.1538461538461537,2.3076923076923075
Luis Díaz,"FW,MF",Colombia,29,5.3,7,9,1,0,Knockout stage,5.3,477,0.0,0.18867924528301888,1.3207547169811322,1.6981132075471699
Luis Romo,MF,Mexico,31,2.9,1,3,4,4,Knockout stage,5.0,261,1.3793103448275863,1.3793103448275863,0.3448275862068966,1.0344827586206897
Luka Modrić,MF,Croatia,40,3.5,4,3,0,3,Knockout stage,4.0,315,0.8571428571428571,0.0,1.1428571428571428,0.8571428571428571
Malik Tillman,MF,USA,24,4.0,3,13,5,7,Knockout stage,5.0,360,1.75,1.25,0.75,3.25
Manu Koné,MF,France,25,4.3,6,7,3,5,Knockout stage,8.0,387,1.1627906976744187,0.6976744186046512,1.3953488372093024,1.627906976744186
Marcel Sabitzer,MF,Austria,32,4.0,2,3,6,2,Knockout stage,4.0,360,0.5,1.5,0.5,0.75
Marcus Rashford,MF,England,28,2.5,5,1,0,2,Knockout stage,8.3,225,0.8,0.0,2.0,0.4
Martin Baturina,"MF,FW",Croatia,23,3.6,1,14,1,2,Knockout stage,4.0,324,0.5555555555555556,0.2777777777777778,0.2777777777777778,3.888888888888889
Martin Ødegaard,MF,Norway,27,5.2,3,4,3,4,Knockout stage,6.3,468,0.7692307692307692,0.5769230769230769,0.5769230769230769,0.7692307692307692
Marwan Attia,MF,Egypt,27,4.8,8,1,3,3,Knockout stage,5.3,432,0.625,0.625,1.6666666666666667,0.20833333333333334
Mateo Kovačić,MF,Croatia,32,3.0,3,3,2,3,Knockout stage,4.0,270,1.0,0.6666666666666666,1.0,1.0
Matías Galarza,MF,Paraguay,24,4.3,10,9,7,11,Knockout stage,5.3,387,2.558139534883721,1.627906976744186,2.3255813953488373,2.0930232558139537
Michael Olise,MF,France,24,7.2,5,16,3,8,Knockout stage,8.0,648,1.1111111111111112,0.41666666666666663,0.6944444444444444,2.2222222222222223
Micky van de Ven,"DF,MF",Netherlands,25,2.9,5,1,2,3,Knockout stage,4.3,261,1.0344827586206897,0.6896551724137931,1.7241379310344829,0.3448275862068966
Miguel Almirón,"MF,FW",Paraguay,32,3.1,2,7,3,7,Knockout stage,5.3,279,2.258064516129032,0.9677419354838709,0.6451612903225806,2.258064516129032
Mikel Merino,MF,Spain,29,2.2,6,8,3,2,Knockout stage,8.3,198,0.9090909090909091,1.3636363636363635,2.727272727272727,3.6363636363636362
Mohamed Salah,"FW,MF",Egypt,33,4.7,5,13,2,0,Knockout stage,5.3,423,0.0,0.425531914893617,1.0638297872340425,2.7659574468085104
Mohanad Lasheen,MF,Egypt,30,4.0,5,3,8,11,Knockout stage,5.3,360,2.75,2.0,1.25,0.75
Moisés Caicedo,MF,Ecuador,24,4.0,5,4,4,6,Knockout stage,4.0,360,1.5,1.0,1.25,1.0
Morgan Rogers,MF,England,23,3.8,5,5,0,3,Knockout stage,8.3,342,0.7894736842105263,0.0,1.3157894736842106,1.3157894736842106
Mostafa Ziko,"FW,MF",Egypt,29,4.1,6,5,2,4,Knockout stage,5.3,369,0.9756097560975611,0.48780487804878053,1.4634146341463417,1.2195121951219514
Nabil Bentaleb,MF,Algeria,31,3.2,2,3,3,4,Knockout stage,4.0,288,1.25,0.9375,0.625,0.9375
Nathan Saliba,MF,Canada,22,2.0,5,2,4,4,Knockout stage,5.0,180,2.0,2.0,2.5,1.0
Neil El Aynaoui,MF,Morocco,24,6.2,15,7,8,9,Knockout stage,6.3,558,1.4516129032258065,1.2903225806451613,2.4193548387096775,1.129032258064516
Nestory Irankunda,"FW,MF",Australia,20,2.9,4,5,1,0,Knockout stage,4.3,261,0.0,0.3448275862068966,1.3793103448275863,1.7241379310344829
Ngal'Ayel Mukau,MF,Congo DR,21,2.2,3,4,3,2,Knockout stage,4.0,198,0.9090909090909091,1.3636363636363635,1.3636363636363635,1.8181818181818181
Nicolas Raskin,MF,Belgium,25,3.8,12,3,2,5,Knockout stage,6.3,342,1.3157894736842106,0.5263157894736842,3.1578947368421053,0.7894736842105263
Nicolas Seiwald,MF,Austria,25,3.5,1,1,4,5,Knockout stage,4.0,315,1.4285714285714286,1.1428571428571428,0.2857142857142857,0.2857142857142857
Nicolás González,MF,Argentina,28,2.9,4,3,1,3,Knockout stage,9.0,261,1.0344827586206897,0.3448275862068966,1.3793103448275863,1.0344827586206897
Nikola Vlašić,MF,Croatia,28,2.1,5,0,1,2,Knockout stage,4.0,189,0.9523809523809523,0.47619047619047616,2.380952380952381,0.0
Nilson Angulo,MF,Ecuador,22,2.4,4,3,2,1,Knockout stage,4.0,216,0.4166666666666667,0.8333333333333334,1.6666666666666667,1.25
Noah Sadiki,MF,Congo DR,21,2.9,2,3,2,4,Knockout stage,4.0,261,1.3793103448275863,0.6896551724137931,0.6896551724137931,1.0344827586206897
Noni Madueke,MF,England,24,3.2,2,3,2,4,Knockout stage,8.3,288,1.25,0.625,0.625,0.9375
Omar Marmoush,"FW,MF",Egypt,27,3.6,3,8,2,3,Knockout stage,5.3,324,0.8333333333333333,0.5555555555555556,0.8333333333333333,2.2222222222222223
Oswin Appollis,"MF,FW",South Africa,24,2.8,1,2,1,3,Knockout stage,4.0,252,1.0714285714285714,0.35714285714285715,0.35714285714285715,0.7142857142857143
Ousmane Dembélé,MF,France,29,6.6,0,4,0,2,Knockout stage,8.0,594,0.30303030303030304,0.0,0.0,0.6060606060606061
Pape Gueye,MF,Senegal,27,2.6,4,2,4,1,Knockout stage,4.3,234,0.3846153846153846,1.5384615384615383,1.5384615384615383,0.7692307692307692
Patrick Berg,MF,Norway,28,4.9,4,2,2,7,Knockout stage,6.3,441,1.4285714285714284,0.4081632653061224,0.8163265306122448,0.4081632653061224
Paul Okon-Engstler,MF,Australia,21,2.2,3,2,5,2,Knockout stage,4.3,198,0.9090909090909091,2.2727272727272725,1.3636363636363635,0.9090909090909091
Paul Wanner,MF,Austria,20,2.6,4,2,2,1,Knockout stage,4.0,234,0.3846153846153846,0.7692307692307692,1.5384615384615383,0.7692307692307692
Pedri,MF,Spain,23,5.5,4,5,10,8,Knockout stage,8.3,495,1.4545454545454546,1.8181818181818181,0.7272727272727273,0.9090909090909091
Pedro Neto,MF,Portugal,26,3.9,4,4,0,2,Knockout stage,5.0,351,0.5128205128205129,0.0,1.0256410256410258,1.0256410256410258
Pedro Vite,MF,Ecuador,24,4.0,2,5,5,11,Knockout stage,4.0,360,2.75,1.25,0.5,1.25
Petar Sučić,"MF,FW",Croatia,22,3.2,7,6,1,2,Knockout stage,4.0,288,0.625,0.3125,2.1875,1.875
Rayan,"FW,MF",Brazil,19,3.2,5,4,3,4,Knockout stage,5.0,288,1.25,0.9375,1.5625,1.25
Remo Freuler,MF,Switzerland,34,6.6,8,3,8,5,Knockout stage,6.7,594,0.7575757575757576,1.2121212121212122,1.2121212121212122,0.4545454545454546
Ritsu Doan,MF,Japan,27,3.1,6,4,1,1,Knockout stage,4.0,279,0.3225806451612903,0.3225806451612903,1.9354838709677418,1.2903225806451613
Riyad Mahrez,MF,Algeria,35,2.9,1,7,1,2,Knockout stage,4.0,261,0.6896551724137931,0.3448275862068966,0.3448275862068966,2.413793103448276
Roberto Alvarado,"FW,MF",Mexico,27,4.8,3,5,2,3,Knockout stage,5.0,432,0.625,0.4166666666666667,0.625,1.0416666666666667
Rodri,MF,Spain,29,8.0,11,9,3,20,Knockout stage,8.3,720,2.5,0.375,1.375,1.125
Rodrigo De Paul,MF,Argentina,32,5.5,2,5,6,4,Knockout stage,9.0,495,0.7272727272727273,1.0909090909090908,0.36363636363636365,0.9090909090909091
Romano Schmid,"MF,FW",Austria,26,2.9,3,4,0,4,Knockout stage,4.0,261,1.3793103448275863,0.0,1.0344827586206897,1.3793103448275863
Ruben Vargas,MF,Switzerland,27,3.2,6,6,2,2,Knockout stage,6.7,288,0.625,0.625,1.875,1.875
Ryan Gravenberch,MF,Netherlands,24,3.8,5,3,6,1,Knockout stage,4.3,342,0.2631578947368421,1.5789473684210527,1.3157894736842106,0.7894736842105263
Ryan Mendes,"FW,MF",Cabo Verde,36,3.7,1,2,5,2,Knockout stage,4.3,333,0.5405405405405405,1.3513513513513513,0.27027027027027023,0.5405405405405405
Sadio Mané,"MF,FW",Senegal,34,4.0,4,10,3,2,Knockout stage,4.3,360,0.5,0.75,1.0,2.5
Samuel Moutoussamy,MF,Congo DR,29,3.7,8,1,1,8,Knockout stage,4.0,333,2.162162162162162,0.27027027027027023,2.162162162162162,0.27027027027027023
Sander Berge,MF,Norway,28,5.3,6,2,9,4,Knockout stage,6.3,477,0.7547169811320755,1.6981132075471699,1.1320754716981132,0.37735849056603776
Sebastian Berhalter,MF,USA,25,2.1,5,6,3,0,Knockout stage,5.0,189,0.0,1.4285714285714286,2.380952380952381,2.857142857142857
Sergiño Dest,MF,USA,25,3.3,2,4,5,1,Knockout stage,5.0,297,0.30303030303030304,1.5151515151515151,0.6060606060606061,1.2121212121212122
Sphephelo Sithole,MF,South Africa,27,2.5,5,1,5,5,Knockout stage,4.0,225,2.0,2.0,2.0,0.4
Stephen Eustáquio,MF,Canada,29,4.4,2,7,3,5,Knockout stage,5.0,396,1.1363636363636362,0.6818181818181818,0.45454545454545453,1.5909090909090908
Tajon Buchanan,MF,Canada,27,4.2,5,8,1,5,Knockout stage,5.0,378,1.1904761904761905,0.23809523809523808,1.1904761904761905,1.9047619047619047
Teboho Mokoena,MF,South Africa,29,3.0,3,6,5,3,Knockout stage,4.0,270,1.0,1.6666666666666667,1.0,2.0
Thalente Mbatha,MF,South Africa,26,2.9,4,0,5,2,Knockout stage,4.0,261,0.6896551724137931,1.7241379310344829,1.3793103448275863,0.0
Thapelo Maseko,"MF,FW",South Africa,22,2.7,4,10,2,1,Knockout stage,4.0,243,0.37037037037037035,0.7407407407407407,1.4814814814814814,3.7037037037037033
Thiago Almada,MF,Argentina,25,2.7,2,2,0,4,Knockout stage,9.0,243,1.4814814814814814,0.0,0.7407407407407407,0.7407407407407407
Thomas Partey,MF,Ghana,33,3.0,2,5,6,4,Knockout stage,4.0,270,1.3333333333333333,2.0,0.6666666666666666,1.6666666666666667
Tijjani Reijnders,MF,Netherlands,27,2.2,0,3,2,0,Knockout stage,4.3,198,0.0,0.9090909090909091,0.0,1.3636363636363635
Tyler Adams,MF,USA,27,3.8,5,6,8,5,Knockout stage,5.0,342,1.3157894736842106,2.1052631578947367,1.3157894736842106,1.5789473684210527
Victor Lindelöf,"DF,MF",Sweden,31,4.0,3,0,4,1,Knockout stage,4.0,360,0.25,1.0,0.75,0.0
Vitinha,MF,Portugal,26,4.2,4,5,2,0,Knockout stage,5.0,378,0.0,0.47619047619047616,0.9523809523809523,1.1904761904761905
Weston McKennie,MF,USA,27,4.9,8,2,7,7,Knockout stage,5.0,441,1.4285714285714284,1.4285714285714284,1.6326530612244896,0.4081632653061224
Xaver Schlager,MF,Austria,28,2.6,6,0,7,3,Knockout stage,4.0,234,1.1538461538461537,2.692307692307692,2.3076923076923075,0.0
Yan Diomandé,"MF,FW",Côte d'Ivoire,19,3.7,2,7,4,6,Knockout stage,4.0,333,1.6216216216216215,1.081081081081081,0.5405405405405405,1.8918918918918919
Yasin Ayari,MF,Sweden,22,3.8,4,8,3,4,Knockout stage,4.0,342,1.0526315789473684,0.7894736842105263,1.0526315789473684,2.1052631578947367
Youri Tielemans,MF,Belgium,29,5.3,7,10,2,6,Knockout stage,6.3,477,1.1320754716981132,0.37735849056603776,1.3207547169811322,1.8867924528301887
Álex Baena,"MF,FW",Spain,24,5.3,13,7,2,5,Knockout stage,8.3,477,0.9433962264150944,0.37735849056603776,2.452830188679245,1.3207547169811322
