player,position,team,age,minutes_90s,fouls,fouled,interceptions,tackles_won,stage,team_90s,minutes,tackles_won_per90,interceptions_per90,fouls_per90,fouled_per90,sample_id,selection_probability,sample_weight
Abbosbek Fayzullayev,MF,Uzbekistan,22,2.4,6,4,1,6,Group-stage exit,3.0,216,2.5,0.4166666666666667,2.5,1.6666666666666667,WC26-MF-S001,0.8333333333333334,1.2
Akmal Mozgovoy,MF,Uzbekistan,27,2.4,0,3,2,0,Group-stage exit,3.0,216,0.0,0.8333333333333334,0.0,1.25,WC26-MF-S002,0.8333333333333334,1.2
Amir Al Ammari,MF,Iraq,28,2.7,3,0,2,1,Group-stage exit,3.0,243,0.37037037037037035,0.7407407407407407,1.111111111111111,0.0,WC26-MF-S003,0.8333333333333334,1.2
Anis Ben Slimane,"MF,FW",Tunisia,25,2.7,0,0,2,2,Group-stage exit,3.0,243,0.7407407407407407,0.7407407407407407,0.0,0.0,WC26-MF-S004,0.8333333333333334,1.2
Arda Güler,MF,Türkiye,21,3.0,3,10,2,3,Group-stage exit,3.0,270,1.0,0.6666666666666666,1.0,3.3333333333333335,WC26-MF-S005,0.8333333333333334,1.2
Barış Alper Yılmaz,"MF,FW",Türkiye,26,2.0,4,1,0,0,Group-stage exit,3.0,180,0.0,0.0,2.0,0.5,WC26-MF-S006,0.8333333333333334,1.2
Ben Gannon-Doak,MF,Scotland,20,2.1,3,1,0,1,Group-stage exit,3.0,189,0.47619047619047616,0.0,1.4285714285714286,0.47619047619047616,WC26-MF-S007,0.8333333333333334,1.2
Carlos Harvey,MF,Panama,26,3.0,8,3,0,3,Group-stage exit,3.0,270,1.0,0.0,2.6666666666666665,1.0,WC26-MF-S008,0.8333333333333334,1.2
Cristian Martínez,"MF,FW",Panama,29,2.7,5,5,1,4,Group-stage exit,3.0,243,1.4814814814814814,0.37037037037037035,1.8518518518518516,1.8518518518518516,WC26-MF-S009,0.8333333333333334,1.2
César Blackman,"MF,DF",Panama,28,2.0,2,2,1,0,Group-stage exit,3.0,180,0.0,0.5,1.0,1.0,WC26-MF-S010,0.8333333333333334,1.2
Danley Jean-Jacques,MF,Haiti,26,2.9,5,3,3,6,Group-stage exit,3.0,261,2.0689655172413794,1.0344827586206897,1.7241379310344829,1.0344827586206897,WC26-MF-S011,0.8333333333333334,1.2
Edmilson Junior,"MF,FW",Qatar,31,2.3,4,2,0,1,Group-stage exit,3.0,207,0.4347826086956522,0.0,1.7391304347826089,0.8695652173913044,WC26-MF-S012,0.8333333333333334,1.2
Elijah Just,MF,New Zealand,26,2.9,3,2,2,3,Group-stage exit,3.0,261,1.0344827586206897,0.6896551724137931,1.0344827586206897,0.6896551724137931,WC26-MF-S013,0.8333333333333334,1.2
Ellyes Skhiri,"MF,DF",Tunisia,31,2.8,0,1,2,1,Group-stage exit,3.0,252,0.35714285714285715,0.7142857142857143,0.0,0.35714285714285715,WC26-MF-S014,0.8333333333333334,1.2
Federico Valverde,MF,Uruguay,27,2.6,1,0,3,2,Group-stage exit,3.0,234,0.7692307692307692,1.1538461538461537,0.3846153846153846,0.0,WC26-MF-S015,0.8333333333333334,1.2
Hakan Çalhanoğlu,MF,Türkiye,32,2.0,2,1,1,3,Group-stage exit,3.0,180,1.5,0.5,1.0,0.5,WC26-MF-S016,0.8333333333333334,1.2
Hannibal Mejbri,MF,Tunisia,23,3.0,4,15,1,4,Group-stage exit,3.0,270,1.3333333333333333,0.3333333333333333,1.3333333333333333,5.0,WC26-MF-S017,0.8333333333333334,1.2
Hwang In-beom,MF,Korea Republic,29,2.9,1,1,4,2,Group-stage exit,3.0,261,0.6896551724137931,1.3793103448275863,0.3448275862068966,0.3448275862068966,WC26-MF-S018,0.8333333333333334,1.2
Ibrahim Bayesh,"MF,FW",Iraq,26,2.6,3,5,1,4,Group-stage exit,3.0,234,1.5384615384615383,0.3846153846153846,1.1538461538461537,1.923076923076923,WC26-MF-S019,0.8333333333333334,1.2
Issa Laye,"MF,DF",Qatar,28,3.0,0,3,1,1,Group-stage exit,3.0,270,0.3333333333333333,0.3333333333333333,0.0,1.0,WC26-MF-S020,0.8333333333333334,1.2
Jean-Ricner Bellegarde,MF,Haiti,27,2.9,4,5,3,2,Group-stage exit,3.0,261,0.6896551724137931,1.0344827586206897,1.3793103448275863,1.7241379310344829,WC26-MF-S021,0.8333333333333334,1.2
Joe Bell,MF,New Zealand,27,2.7,3,0,4,2,Group-stage exit,3.0,243,0.7407407407407407,1.4814814814814814,1.111111111111111,0.0,WC26-MF-S022,0.8333333333333334,1.2
John McGinn,MF,Scotland,31,2.9,2,11,0,0,Group-stage exit,3.0,261,0.0,0.0,0.6896551724137931,3.793103448275862,WC26-MF-S023,0.8333333333333334,1.2
Josué Casimir,MF,Haiti,24,2.0,4,4,0,0,Group-stage exit,3.0,180,0.0,0.0,2.0,2.0,WC26-MF-S024,0.8333333333333334,1.2
José Luis Rodríguez,"MF,FW",Panama,27,2.6,4,2,0,3,Group-stage exit,3.0,234,1.1538461538461537,0.0,1.5384615384615383,0.7692307692307692,WC26-MF-S025,0.8333333333333334,1.2
Juninho Bacuna,MF,Curaçao,28,2.8,6,3,5,4,Group-stage exit,3.0,252,1.4285714285714286,1.7857142857142858,2.142857142857143,1.0714285714285714,WC26-MF-S026,0.8333333333333334,1.2
Leandro Bacuna,MF,Curaçao,34,3.0,3,3,0,3,Group-stage exit,3.0,270,1.0,0.0,1.0,1.0,WC26-MF-S027,0.8333333333333334,1.2
Lewis Ferguson,MF,Scotland,26,3.0,5,10,4,7,Group-stage exit,3.0,270,2.3333333333333335,1.3333333333333333,1.6666666666666667,3.3333333333333335,WC26-MF-S028,0.8333333333333334,1.2
Livano Comenencia,MF,Curaçao,22,2.6,4,1,11,1,Group-stage exit,3.0,234,0.3846153846153846,4.230769230769231,1.5384615384615383,0.3846153846153846,WC26-MF-S029,0.8333333333333334,1.2
Martin Expérience,"DF,MF",Haiti,27,3.0,7,6,4,6,Group-stage exit,3.0,270,2.0,1.3333333333333333,2.3333333333333335,2.0,WC26-MF-S030,0.8333333333333334,1.2
Maxi Araújo,"FW,MF",Uruguay,26,2.8,2,7,0,0,Group-stage exit,3.0,252,0.0,0.0,0.7142857142857143,2.5,WC26-MF-S031,0.8333333333333334,1.2
Michael Amir Murillo,"DF,MF",Panama,30,3.0,1,7,1,3,Group-stage exit,3.0,270,1.0,0.3333333333333333,0.3333333333333333,2.3333333333333335,WC26-MF-S032,0.8333333333333334,1.2
Michal Sadílek,MF,Czechia,27,2.0,0,3,2,2,Group-stage exit,3.0,180,1.0,1.0,0.0,1.5,WC26-MF-S033,0.8333333333333334,1.2
Mohamed Kanno,MF,Saudi Arabia,31,2.5,5,0,2,4,Group-stage exit,3.0,225,1.6,0.8,2.0,0.0,WC26-MF-S034,0.8333333333333334,1.2
Nasser Al-Dawsari,MF,Saudi Arabia,27,2.3,7,2,4,4,Group-stage exit,3.0,207,1.7391304347826089,1.7391304347826089,3.0434782608695654,0.8695652173913044,WC26-MF-S035,0.8333333333333334,1.2
Nizar Al Rashdan,MF,Jordan,27,2.8,5,4,2,5,Group-stage exit,3.0,252,1.7857142857142858,0.7142857142857143,1.7857142857142858,1.4285714285714286,WC26-MF-S036,0.8333333333333334,1.2
Noor Al Rawabdeh,MF,Jordan,29,3.0,1,0,2,7,Group-stage exit,3.0,270,2.3333333333333335,0.6666666666666666,0.3333333333333333,0.0,WC26-MF-S037,0.8333333333333334,1.2
Otabek Shukurov,MF,Uzbekistan,29,2.6,2,5,0,2,Group-stage exit,3.0,234,0.7692307692307692,0.0,0.7692307692307692,1.923076923076923,WC26-MF-S038,0.8333333333333334,1.2
Paik Seung-ho,MF,Korea Republic,29,2.3,1,2,1,0,Group-stage exit,3.0,207,0.0,0.4347826086956522,0.4347826086956522,0.8695652173913044,WC26-MF-S039,0.8333333333333334,1.2
Ramin Rezaeian,"DF,MF",IR Iran,36,3.0,2,3,2,5,Group-stage exit,3.0,270,1.6666666666666667,0.6666666666666666,0.6666666666666666,1.0,WC26-MF-S040,0.8333333333333334,1.2
Rodrigo Bentancur,MF,Uruguay,28,3.0,7,5,7,5,Group-stage exit,3.0,270,1.6666666666666667,2.3333333333333335,2.3333333333333335,1.6666666666666667,WC26-MF-S041,0.8333333333333334,1.2
Salem Al-Dawsari,MF,Saudi Arabia,34,2.7,3,4,1,1,Group-stage exit,3.0,243,0.37037037037037035,0.37037037037037035,1.111111111111111,1.4814814814814814,WC26-MF-S042,0.8333333333333334,1.2
Saman Ghoddos,MF,IR Iran,32,2.3,3,0,5,4,Group-stage exit,3.0,207,1.7391304347826089,2.173913043478261,1.3043478260869565,0.0,WC26-MF-S043,0.8333333333333334,1.2
Sarpreet Singh,MF,New Zealand,27,2.3,2,2,0,1,Group-stage exit,3.0,207,0.4347826086956522,0.0,0.8695652173913044,0.8695652173913044,WC26-MF-S044,0.8333333333333334,1.2
Seol Young-woo,MF,Korea Republic,27,2.8,1,2,1,0,Group-stage exit,3.0,252,0.0,0.35714285714285715,0.35714285714285715,0.7142857142857143,WC26-MF-S045,0.8333333333333334,1.2
Sherzod Nasrullaev,"DF,MF",Uzbekistan,27,2.0,3,2,2,2,Group-stage exit,3.0,180,1.0,1.0,1.5,1.0,WC26-MF-S046,0.8333333333333334,1.2
Tahith Chong,MF,Curaçao,26,2.7,3,13,1,0,Group-stage exit,3.0,243,0.0,0.37037037037037035,1.111111111111111,4.814814814814815,WC26-MF-S047,0.8333333333333334,1.2
Vladimír Coufal,"MF,DF",Czechia,33,3.0,4,3,2,1,Group-stage exit,3.0,270,0.3333333333333333,0.6666666666666666,1.3333333333333333,1.0,WC26-MF-S048,0.8333333333333334,1.2
Yoel Bárcenas,MF,Panama,32,2.8,3,3,2,0,Group-stage exit,3.0,252,0.0,0.7142857142857143,1.0714285714285714,1.0714285714285714,WC26-MF-S049,0.8333333333333334,1.2
Zidane Iqbal,MF,Iraq,23,2.1,1,2,1,2,Group-stage exit,3.0,189,0.9523809523809523,0.47619047619047616,0.47619047619047616,0.9523809523809523,WC26-MF-S050,0.8333333333333334,1.2
Amad Diallo,"MF,FW",Côte d'Ivoire,23,2.1,0,2,2,4,Knockout stage,4.0,189,1.9047619047619047,0.9523809523809523,0.0,0.9523809523809523,WC26-MF-S051,0.2777777777777778,3.5999999999999996
Antonee Robinson,"DF,MF",USA,28,3.9,4,1,6,4,Knockout stage,5.0,351,1.0256410256410258,1.5384615384615385,1.0256410256410258,0.25641025641025644,WC26-MF-S052,0.2777777777777778,3.5999999999999996
Bruno Fernandes,MF,Portugal,31,4.7,2,8,0,5,Knockout stage,5.0,423,1.0638297872340425,0.0,0.425531914893617,1.702127659574468,WC26-MF-S053,0.2777777777777778,3.5999999999999996
Caleb Yirenkyi,MF,Ghana,20,2.9,7,3,3,1,Knockout stage,4.0,261,0.3448275862068966,1.0344827586206897,2.413793103448276,1.0344827586206897,WC26-MF-S054,0.2777777777777778,3.5999999999999996
Chemsdine Talbi,MF,Morocco,21,2.0,0,1,2,2,Knockout stage,6.3,180,1.0,1.0,0.0,0.5,WC26-MF-S055,0.2777777777777778,3.5999999999999996
Christian Pulisic,MF,USA,27,2.5,1,8,0,1,Knockout stage,5.0,225,0.4,0.0,0.4,3.2,WC26-MF-S056,0.2777777777777778,3.5999999999999996
Daichi Kamada,MF,Japan,29,3.7,2,4,1,3,Knockout stage,4.0,333,0.8108108108108107,0.27027027027027023,0.5405405405405405,1.081081081081081,WC26-MF-S057,0.2777777777777778,3.5999999999999996
Dan Ndoye,"MF,FW",Switzerland,25,4.5,5,16,4,5,Knockout stage,6.7,405,1.1111111111111112,0.8888888888888888,1.1111111111111112,3.5555555555555554,WC26-MF-S058,0.2777777777777778,3.5999999999999996
Fabian Rieder,"MF,FW",Switzerland,24,3.4,3,6,1,3,Knockout stage,6.7,306,0.8823529411764706,0.29411764705882354,0.8823529411764706,1.7647058823529411,WC26-MF-S059,0.2777777777777778,3.5999999999999996
Fredrik Aursnes,"MF,DF",Norway,30,3.4,5,3,1,8,Knockout stage,6.3,306,2.3529411764705883,0.29411764705882354,1.4705882352941178,0.8823529411764706,WC26-MF-S060,0.2777777777777778,3.5999999999999996
Frenkie de Jong,MF,Netherlands,29,3.6,6,6,8,7,Knockout stage,4.3,324,1.9444444444444444,2.2222222222222223,1.6666666666666665,1.6666666666666665,WC26-MF-S061,0.2777777777777778,3.5999999999999996
Hans Vanaken,MF,Belgium,33,3.5,0,6,1,1,Knockout stage,6.3,315,0.2857142857142857,0.2857142857142857,0.0,1.7142857142857142,WC26-MF-S062,0.2777777777777778,3.5999999999999996
Ibrahim Sangaré,MF,Côte d'Ivoire,28,3.0,2,4,6,5,Knockout stage,4.0,270,1.6666666666666667,2.0,0.6666666666666666,1.3333333333333333,WC26-MF-S063,0.2777777777777778,3.5999999999999996
Ismaila Sarr,"MF,FW",Senegal,28,4.0,1,9,2,1,Knockout stage,4.3,360,0.25,0.5,0.25,2.25,WC26-MF-S064,0.2777777777777778,3.5999999999999996
Jamiro Monteiro,MF,Cabo Verde,32,3.1,4,2,4,4,Knockout stage,4.3,279,1.2903225806451613,1.2903225806451613,1.2903225806451613,0.6451612903225806,WC26-MF-S065,0.2777777777777778,3.5999999999999996
Jhon Arias,MF,Colombia,28,4.2,5,2,2,9,Knockout stage,5.3,378,2.142857142857143,0.47619047619047616,1.1904761904761905,0.47619047619047616,WC26-MF-S066,0.2777777777777778,3.5999999999999996
Johan Manzambi,"MF,FW",Switzerland,20,2.2,3,3,0,0,Knockout stage,6.7,198,0.0,0.0,1.3636363636363635,1.3636363636363635,WC26-MF-S067,0.2777777777777778,3.5999999999999996
Konrad Laimer,"MF,DF",Austria,29,4.0,6,3,2,6,Knockout stage,4.0,360,1.5,0.5,1.5,0.75,WC26-MF-S068,0.2777777777777778,3.5999999999999996
Kwasi Sibo,MF,Ghana,27,2.8,7,1,2,0,Knockout stage,4.0,252,0.0,0.7142857142857143,2.5,0.35714285714285715,WC26-MF-S069,0.2777777777777778,3.5999999999999996
Lucas Paquetá,MF,Brazil,28,2.6,3,6,5,4,Knockout stage,5.0,234,1.5384615384615383,1.923076923076923,1.1538461538461537,2.3076923076923075,WC26-MF-S070,0.2777777777777778,3.5999999999999996
Luis Díaz,"FW,MF",Colombia,29,5.3,7,9,1,0,Knockout stage,5.3,477,0.0,0.18867924528301888,1.3207547169811322,1.6981132075471699,WC26-MF-S071,0.2777777777777778,3.5999999999999996
Marcel Sabitzer,MF,Austria,32,4.0,2,3,6,2,Knockout stage,4.0,360,0.5,1.5,0.5,0.75,WC26-MF-S072,0.2777777777777778,3.5999999999999996
Marcus Rashford,MF,England,28,2.5,5,1,0,2,Knockout stage,8.3,225,0.8,0.0,2.0,0.4,WC26-MF-S073,0.2777777777777778,3.5999999999999996
Martin Baturina,"MF,FW",Croatia,23,3.6,1,14,1,2,Knockout stage,4.0,324,0.5555555555555556,0.2777777777777778,0.2777777777777778,3.888888888888889,WC26-MF-S074,0.2777777777777778,3.5999999999999996
Martin Ødegaard,MF,Norway,27,5.2,3,4,3,4,Knockout stage,6.3,468,0.7692307692307692,0.5769230769230769,0.5769230769230769,0.7692307692307692,WC26-MF-S075,0.2777777777777778,3.5999999999999996
Miguel Almirón,"MF,FW",Paraguay,32,3.1,2,7,3,7,Knockout stage,5.3,279,2.258064516129032,0.9677419354838709,0.6451612903225806,2.258064516129032,WC26-MF-S076,0.2777777777777778,3.5999999999999996
Mohamed Salah,"FW,MF",Egypt,33,4.7,5,13,2,0,Knockout stage,5.3,423,0.0,0.425531914893617,1.0638297872340425,2.7659574468085104,WC26-MF-S077,0.2777777777777778,3.5999999999999996
Moisés Caicedo,MF,Ecuador,24,4.0,5,4,4,6,Knockout stage,4.0,360,1.5,1.0,1.25,1.0,WC26-MF-S078,0.2777777777777778,3.5999999999999996
Mostafa Ziko,"FW,MF",Egypt,29,4.1,6,5,2,4,Knockout stage,5.3,369,0.9756097560975611,0.48780487804878053,1.4634146341463417,1.2195121951219514,WC26-MF-S079,0.2777777777777778,3.5999999999999996
Nabil Bentaleb,MF,Algeria,31,3.2,2,3,3,4,Knockout stage,4.0,288,1.25,0.9375,0.625,0.9375,WC26-MF-S080,0.2777777777777778,3.5999999999999996
Neil El Aynaoui,MF,Morocco,24,6.2,15,7,8,9,Knockout stage,6.3,558,1.4516129032258065,1.2903225806451613,2.4193548387096775,1.129032258064516,WC26-MF-S081,0.2777777777777778,3.5999999999999996
Ngal'Ayel Mukau,MF,Congo DR,21,2.2,3,4,3,2,Knockout stage,4.0,198,0.9090909090909091,1.3636363636363635,1.3636363636363635,1.8181818181818181,WC26-MF-S082,0.2777777777777778,3.5999999999999996
Nicolas Raskin,MF,Belgium,25,3.8,12,3,2,5,Knockout stage,6.3,342,1.3157894736842106,0.5263157894736842,3.1578947368421053,0.7894736842105263,WC26-MF-S083,0.2777777777777778,3.5999999999999996
Nicolas Seiwald,MF,Austria,25,3.5,1,1,4,5,Knockout stage,4.0,315,1.4285714285714286,1.1428571428571428,0.2857142857142857,0.2857142857142857,WC26-MF-S084,0.2777777777777778,3.5999999999999996
Nikola Vlašić,MF,Croatia,28,2.1,5,0,1,2,Knockout stage,4.0,189,0.9523809523809523,0.47619047619047616,2.380952380952381,0.0,WC26-MF-S085,0.2777777777777778,3.5999999999999996
Nilson Angulo,MF,Ecuador,22,2.4,4,3,2,1,Knockout stage,4.0,216,0.4166666666666667,0.8333333333333334,1.6666666666666667,1.25,WC26-MF-S086,0.2777777777777778,3.5999999999999996
Noah Sadiki,MF,Congo DR,21,2.9,2,3,2,4,Knockout stage,4.0,261,1.3793103448275863,0.6896551724137931,0.6896551724137931,1.0344827586206897,WC26-MF-S087,0.2777777777777778,3.5999999999999996
Noni Madueke,MF,England,24,3.2,2,3,2,4,Knockout stage,8.3,288,1.25,0.625,0.625,0.9375,WC26-MF-S088,0.2777777777777778,3.5999999999999996
Pape Gueye,MF,Senegal,27,2.6,4,2,4,1,Knockout stage,4.3,234,0.3846153846153846,1.5384615384615383,1.5384615384615383,0.7692307692307692,WC26-MF-S089,0.2777777777777778,3.5999999999999996
Patrick Berg,MF,Norway,28,4.9,4,2,2,7,Knockout stage,6.3,441,1.4285714285714284,0.4081632653061224,0.8163265306122448,0.4081632653061224,WC26-MF-S090,0.2777777777777778,3.5999999999999996
Paul Wanner,MF,Austria,20,2.6,4,2,2,1,Knockout stage,4.0,234,0.3846153846153846,0.7692307692307692,1.5384615384615383,0.7692307692307692,WC26-MF-S091,0.2777777777777778,3.5999999999999996
Pedro Vite,MF,Ecuador,24,4.0,2,5,5,11,Knockout stage,4.0,360,2.75,1.25,0.5,1.25,WC26-MF-S092,0.2777777777777778,3.5999999999999996
Remo Freuler,MF,Switzerland,34,6.6,8,3,8,5,Knockout stage,6.7,594,0.7575757575757576,1.2121212121212122,1.2121212121212122,0.4545454545454546,WC26-MF-S093,0.2777777777777778,3.5999999999999996
Riyad Mahrez,MF,Algeria,35,2.9,1,7,1,2,Knockout stage,4.0,261,0.6896551724137931,0.3448275862068966,0.3448275862068966,2.413793103448276,WC26-MF-S094,0.2777777777777778,3.5999999999999996
Romano Schmid,"MF,FW",Austria,26,2.9,3,4,0,4,Knockout stage,4.0,261,1.3793103448275863,0.0,1.0344827586206897,1.3793103448275863,WC26-MF-S095,0.2777777777777778,3.5999999999999996
Ruben Vargas,MF,Switzerland,27,3.2,6,6,2,2,Knockout stage,6.7,288,0.625,0.625,1.875,1.875,WC26-MF-S096,0.2777777777777778,3.5999999999999996
Samuel Moutoussamy,MF,Congo DR,29,3.7,8,1,1,8,Knockout stage,4.0,333,2.162162162162162,0.27027027027027023,2.162162162162162,0.27027027027027023,WC26-MF-S097,0.2777777777777778,3.5999999999999996
Victor Lindelöf,"DF,MF",Sweden,31,4.0,3,0,4,1,Knockout stage,4.0,360,0.25,1.0,0.75,0.0,WC26-MF-S098,0.2777777777777778,3.5999999999999996
Weston McKennie,MF,USA,27,4.9,8,2,7,7,Knockout stage,5.0,441,1.4285714285714284,1.4285714285714284,1.6326530612244896,0.4081632653061224,WC26-MF-S099,0.2777777777777778,3.5999999999999996
Youri Tielemans,MF,Belgium,29,5.3,7,10,2,6,Knockout stage,6.3,477,1.1320754716981132,0.37735849056603776,1.3207547169811322,1.8867924528301887,WC26-MF-S100,0.2777777777777778,3.5999999999999996
